<?xml version="1.0" encoding="UTF-8"?>
<beans xmlns="http://www.springframework.org/schema/beans"
	 xmlns:xsi="http://www.w3.org/2001/XMLSchema-instance" 
	 xmlns:context="http://www.springframework.org/schema/context"
	 xmlns:tx="http://www.springframework.org/schema/tx"
	 xmlns:mvc="http://www.springframework.org/schema/mvc"
	 xsi:schemaLocation="http://www.springframework.org/schema/beans 
	 http://www.springframework.org/schema/beans/spring-beans-3.1.xsd
	 http://www.springframework.org/schema/context 
	 http://www.springframework.org/schema/context/spring-context-3.1.xsd
	 http://www.springframework.org/schema/tx 
	 http://www.springframework.org/schema/tx/spring-tx-3.1.xsd
	 http://www.springframework.org/schema/mvc
	 http://www.springframework.org/schema/mvc/spring-mvc-3.1.xsd">
	
	 <mvc:annotation-driven/>
	 
	 <tx:annotation-driven transaction-manager="transactionManager" />
	 
	 <context:component-scan base-package="com.test"/>
	 <context:component-scan base-package="com.products"/>
	 <context:property-placeholder location="/WEB-INF/*.properties" />
	 
	 <bean id="transactionManager" class="org.springframework.jdbc.datasource.DataSourceTransactionManager">
	 	<property name="dataSource" ref="dataSource"/>
	 </bean>
	 
	 <bean id="viewResolver" class="org.springframework.web.servlet.view.InternalResourceViewResolver">
	 	<property name="prefix" value="/view/"/>
	 	<property name="suffix" value=".jsp"/>
	 </bean>
	 
	<bean id="dataSource" class="org.apache.tomcat.dbcp.dbcp.BasicDataSource">
		<property name="driverClassName" value="${mssql.driver}"/>
	 	<property name="url" value="${mssql.url}"/>
	 	<property name="username" value="${mssql.username}" />
	 	<property name="password" value="${mssql.password}" />
	 </bean>
	 
	 <bean id="sqlSessionFactory" class="org.mybatis.spring.SqlSessionFactoryBean">
	 	<property name="dataSource" ref="dataSource"/>
	 	<property name="configLocation" value="classpath:com/products/config/SqlMapConfig.xml"/>
	 </bean>
	 
	 <bean id="productsMapper" class="org.mybatis.spring.mapper.MapperFactoryBean">
	 	<property name="mapperInterface" value="com.products.dao.mapper.ProductsMapper" />
	 	<property name="sqlSessionFactory" ref="sqlSessionFactory" />
	 </bean>    
	 
 </beans>